store_view_code,identifier,title,page_layout,content
luma_es_es,home,ES - Home Page,cms-full-width,"<div data-content-type=""row"" data-appearance=""full-bleed"" data-enable-parallax=""0"" data-parallax-speed=""0.5"" data-background-images=""{}"" data-background-type=""image"" data-video-loop=""true"" data-video-play-only-visible=""true"" data-video-lazy-load=""true"" data-video-fallback-src="""" data-element=""main"" style=""justify-content: flex-start; display: flex; flex-direction: column; background-position: left top; background-size: cover; background-repeat: no-repeat; background-attachment: scroll; border-style: none; border-width: 1px; border-radius: 0px; margin: 0px; padding: 0px;""><div data-content-type=""dynamic_block"" data-appearance=""default"" data-element=""main"" style=""border-style: none; border-width: 1px; border-radius: 0px; margin: 0px; padding: 0px;"">{{widget type=""Magento\Banner\Block\Widget\Banner"" display_mode=""fixed"" rotate="""" template=""widget/block.phtml"" banner_ids=""{{dynamicblock name=""HP - Not Logged In""}}"" unique_id=""{{dynamicblock name=""HP - Not Logged In""}}"" type_name=""Dynamic Blocks Rotator""}}</div><div data-content-type=""dynamic_block"" data-appearance=""default"" data-element=""main"" style=""border-style: none; border-width: 1px; border-radius: 0px; margin: 0px; padding: 0px;"">{{widget type=""Magento\Banner\Block\Widget\Banner"" display_mode=""fixed"" rotate="""" template=""widget/block.phtml"" banner_ids=""{{dynamicblock name=""HP - Runner""}}"" unique_id=""{{dynamicblock name=""HP - Runner""}}"" type_name=""Dynamic Blocks Rotator""}}</div><div data-content-type=""dynamic_block"" data-appearance=""default"" data-element=""main"" style=""border-style: none; border-width: 1px; border-radius: 0px; margin: 0px; padding: 0px;"">{{widget type=""Magento\Banner\Block\Widget\Banner"" display_mode=""fixed"" rotate="""" template=""widget/block.phtml"" banner_ids=""{{dynamicblock name=""HP - Yoga""}}"" unique_id=""{{dynamicblock name=""HP - Yoga""}}"" type_name=""Dynamic Blocks Rotator""}}</div><div data-content-type=""dynamic_block"" data-appearance=""default"" data-element=""main"" style=""border-style: none; border-width: 1px; border-radius: 0px; margin: 0px; padding: 0px;"">{{widget type=""Magento\Banner\Block\Widget\Banner"" display_mode=""fixed"" rotate="""" template=""widget/block.phtml"" banner_ids=""{{dynamicblock name=""HP - VIP""}}"" unique_id=""{{dynamicblock name=""HP - VIP""}}"" type_name=""Dynamic Blocks Rotator""}}</div></div><div data-content-type=""row"" data-appearance=""contained"" data-element=""main""><div data-enable-parallax=""0"" data-parallax-speed=""0.5"" data-background-images=""{\&quot;desktop_image\&quot;:\&quot;{{media url=wysiwyg/AdobeStock_330497250_result.jpg}}\&quot;}"" data-background-type=""image"" data-video-loop=""true"" data-video-play-only-visible=""true"" data-video-lazy-load=""true"" data-video-fallback-src="""" data-element=""inner"" style=""justify-content: center; display: flex; flex-direction: column; background-position: right bottom; background-size: cover; background-repeat: no-repeat; background-attachment: scroll; text-align: center; border-style: none; border-width: 1px; border-radius: 0px; min-height: 40vh; margin: 40px 0px 10px; padding: 10px;""><div data-content-type=""text"" data-appearance=""default"" data-element=""main"" style=""border-style: none; border-width: 1px; border-radius: 0px; margin: 0px; padding: 0px;""><p style=""color: #ffffff; font-size: 40px; font-weight: bold;"">Envío gratis. Devoluciones gratis.</p></div></div></div>"
luma_es_es,enable-cookies,ES - Permitir cookies,1column,"<div data-content-type=""row"" data-appearance=""contained"" data-element=""main""><div data-enable-parallax=""0"" data-parallax-speed=""0.5"" data-background-images=""{}"" data-background-type=""image"" data-video-loop=""true"" data-video-play-only-visible=""true"" data-video-lazy-load=""true"" data-video-fallback-src="""" data-element=""inner"" style=""justify-content: flex-start; display: flex; flex-direction: column; background-position: left top; background-size: cover; background-repeat: no-repeat; background-attachment: scroll; border-style: none; border-width: 1px; border-radius: 0px; margin: 0px 0px 10px; padding-top: 10px; padding-bottom: 10px;""><div class=""pagebuilder-column-group"" style=""display: flex;"" data-content-type=""column-group"" data-grid-size=""12"" data-element=""main""><div class=""pagebuilder-column"" data-content-type=""column"" data-appearance=""full-height"" data-background-images=""{}"" data-element=""main"" style=""justify-content: flex-start; display: flex; flex-direction: column; background-position: left top; background-size: cover; background-repeat: no-repeat; background-attachment: scroll; border-style: none; border-width: 1px; border-radius: 0px; width: 58.3333%; margin: 0px; padding: 0px; align-self: stretch;""><h1 data-content-type=""heading"" data-appearance=""default"" data-element=""main"" style=""border-style: none; border-width: 1px; border-radius: 0px;"">¿Qué son las cookies?</h1><div data-content-type=""text"" data-appearance=""default"" data-element=""main"" style=""border-style: none; border-width: 1px; border-radius: 0px; margin: 0px; padding: 0px;""><div class=""enable-cookies cms-content"">
<p>Las ""cookies"" son pequeños datos que enviamos cuando visita nuestra tienda. Las cookies nos ayudan a conocerte mejor y personalizar tu experiencia. Además, ayudan a protegerte a ti y a otros compradores del fraude.</p>
<p>&nbsp;</p>
<p>Configure su navegador para aceptar cookies para que pueda comprar artículos, guardar artículos y recibir recomendaciones personalizadas. Así es cómo:</p>
<ul>
<li><a tabindex=""0"" href=""https://support.google.com/accounts/answer/61416?hl=en"" target=""_blank"" rel=""noopener"">Google Chrome</a></li>
<li><a tabindex=""0"" href=""http://windows.microsoft.com/en-us/internet-explorer/delete-manage-cookies"" target=""_blank"" rel=""noopener"">Internet Explorer</a></li>
<li><a tabindex=""0"" href=""http://support.apple.com/kb/PH19214"" target=""_blank"" rel=""noopener"">Safari</a></li>
<li><a tabindex=""0"" href=""https://support.mozilla.org/en-US/kb/enable-and-disable-cookies-website-preferences"" target=""_blank"" rel=""noopener"">Mozilla/Firefox</a></li>
</ul>
</div></div></div><div class=""pagebuilder-column"" data-content-type=""column"" data-appearance=""full-height"" data-background-images=""{}"" data-element=""main"" style=""justify-content: flex-start; display: flex; flex-direction: column; background-position: left top; background-size: cover; background-repeat: no-repeat; background-attachment: scroll; border-style: none; border-width: 1px; border-radius: 0px; width: 41.6667%; margin: 0px; padding: 10px; align-self: stretch;""></div></div></div></div>"
luma_es_es,no-route,ES - 404 Pagina No Encontrado,cms-full-width,"<div data-content-type=""row"" data-appearance=""full-width"" data-enable-parallax=""0"" data-parallax-speed=""0.5"" data-background-images=""{\&quot;desktop_image\&quot;:\&quot;{{media url=wysiwyg/AdobeStock_296999649_result.jpg}}\&quot;}"" data-background-type=""image"" data-video-loop=""true"" data-video-play-only-visible=""true"" data-video-lazy-load=""true"" data-video-fallback-src="""" data-element=""main"" style=""justify-content: flex-start; display: flex; flex-direction: column; background-position: left center; background-size: cover; background-repeat: no-repeat; background-attachment: scroll; border-style: none; border-width: 1px; border-radius: 0px; min-height: 100vh; margin-left: 0px; margin-top: 0px; margin-right: 0px; padding: 40px 10px;""><div class=""row-full-width-inner"" data-element=""inner""><div class=""pagebuilder-column-group"" style=""display: flex;"" data-content-type=""column-group"" data-grid-size=""12"" data-element=""main""><div class=""pagebuilder-column"" data-content-type=""column"" data-appearance=""full-height"" data-background-images=""{}"" data-element=""main"" style=""justify-content: flex-start; display: flex; flex-direction: column; background-position: left top; background-size: cover; background-repeat: no-repeat; background-attachment: scroll; border-style: none; border-width: 1px; border-radius: 0px; width: 58.3333%; margin: 0px; padding: 10px; align-self: stretch;""><div data-content-type=""text"" data-appearance=""default"" data-element=""main"" style=""border-style: none; border-width: 1px; border-radius: 0px; margin: 0px; padding: 0px;""><p style=""font-size: 50px; font-weight: light; color: #ffffff;"">Mantenga la calma...</p></div><div data-content-type=""text"" data-appearance=""default"" data-element=""main"" style=""border-style: none; border-width: 1px; border-radius: 0px; margin: 0px; padding: 0px;""><p style=""color: #ffffff; font-weight: light;"">Es posible que la página que está buscando haya existido una vez y esté disponible nuevamente. Pero por ahora no se encuentra por ningún lado. Utilice nuestra búsqueda o navegación para pasar a una página de la que estamos 100% seguros de que existirá. Haga clic aquí para volver a la página de inicio.</p></div><div data-content-type=""buttons"" data-appearance=""inline"" data-same-width=""true"" data-element=""main"" style=""border-style: none; border-width: 1px; border-radius: 0px; margin: 0px; padding: 30px 0px 0px;""><div data-content-type=""button-item"" data-appearance=""default"" data-element=""main"" style=""display: inline-block;""><div class=""pagebuilder-button-secondary"" data-element=""empty_link"" style=""text-align: center;""><span data-element=""link_text"">Colecciones</span></div></div><div data-content-type=""button-item"" data-appearance=""default"" data-element=""main"" style=""display: inline-block;""><div class=""pagebuilder-button-secondary"" data-element=""empty_link"" style=""text-align: center;""><span data-element=""link_text"">Mujer</span></div></div><div data-content-type=""button-item"" data-appearance=""default"" data-element=""main"" style=""display: inline-block;""><div class=""pagebuilder-button-secondary"" data-element=""empty_link"" style=""text-align: center;""><span data-element=""link_text"">Hombre</span></div></div><div data-content-type=""button-item"" data-appearance=""default"" data-element=""main"" style=""display: inline-block;""><div class=""pagebuilder-button-secondary"" data-element=""empty_link"" style=""text-align: center;""><span data-element=""link_text"">Accesorios</span></div></div></div></div><div class=""pagebuilder-column"" data-content-type=""column"" data-appearance=""full-height"" data-background-images=""{}"" data-element=""main"" style=""justify-content: flex-start; display: flex; flex-direction: column; background-position: left top; background-size: cover; background-repeat: no-repeat; background-attachment: scroll; border-style: none; border-width: 1px; border-radius: 0px; width: 41.6667%; margin: 0px; padding: 10px; align-self: stretch;""></div></div></div></div><div data-content-type=""row"" data-appearance=""contained"" data-element=""main""><div data-enable-parallax=""0"" data-parallax-speed=""0.5"" data-background-images=""{}"" data-background-type=""image"" data-video-loop=""true"" data-video-play-only-visible=""true"" data-video-lazy-load=""true"" data-video-fallback-src="""" data-element=""inner"" style=""justify-content: flex-start; display: flex; flex-direction: column; background-position: left top; background-size: cover; background-repeat: no-repeat; background-attachment: scroll; border-style: none; border-width: 1px; border-radius: 0px; margin: 50px 0px; padding: 10px;""><h2 data-content-type=""heading"" data-appearance=""default"" data-element=""main"" style=""text-align: center; border-style: none; border-width: 1px; border-radius: 0px;"">Trending</h2><div data-content-type=""products"" data-appearance=""grid"" data-element=""main"" style=""text-align: center; border-style: none; border-width: 1px; border-radius: 0px; margin: 0px; padding: 0px;"">{{widget type=""Magento\CatalogWidget\Block\Product\ProductsList"" template=""Magento_CatalogWidget::product/widget/content/grid.phtml"" anchor_text="""" id_path="""" show_pager=""0"" products_count=""5"" condition_option=""condition"" condition_option_value="""" type_name=""Catalog Products List"" conditions_encoded=""^[`1`:^[`type`:`Magento||CatalogWidget||Model||Rule||Condition||Combine`,`aggregator`:`all`,`value`:`1`,`new_child`:``^],`1--1`:^[`type`:`Magento||CatalogWidget||Model||Rule||Condition||Product`,`attribute`:`sku`,`operator`:`()`,`value`:`24-MB01,MH01,MH09,WT01,WB03,WB05`^]^]"" sort_order=""low_stock_first""}}</div></div></div>"
luma_es_es,privacy-policy-cookie-restriction-mode,ES - Política de privacidad,1column,"<div data-content-type=""row"" data-appearance=""contained"" data-element=""main""><div data-enable-parallax=""0"" data-parallax-speed=""0.5"" data-background-images=""{}"" data-background-type=""image"" data-video-loop=""true"" data-video-play-only-visible=""true"" data-video-lazy-load=""true"" data-video-fallback-src="""" data-element=""inner"" style=""justify-content: flex-start; display: flex; flex-direction: column; background-position: left top; background-size: cover; background-repeat: no-repeat; background-attachment: scroll; border-style: none; border-width: 1px; border-radius: 0px; margin: 0px 0px 10px; padding: 10px 0px;""><h1 data-content-type=""heading"" data-appearance=""default"" data-element=""main"" style=""border-style: none; border-width: 1px; border-radius: 0px;"">Política de privacidad</h1><div class=""pagebuilder-column-group"" style=""display: flex;"" data-content-type=""column-group"" data-grid-size=""12"" data-element=""main""><div class=""pagebuilder-column"" data-content-type=""column"" data-appearance=""full-height"" data-background-images=""{}"" data-element=""main"" style=""justify-content: flex-start; display: flex; flex-direction: column; background-color: rgb(240, 240, 240); background-position: left top; background-size: cover; background-repeat: no-repeat; background-attachment: scroll; border-style: none; border-width: 1px; border-radius: 0px; width: 25%; margin: 0px; padding: 10px; align-self: stretch;""><div data-content-type=""text"" data-appearance=""default"" data-element=""main"" style=""border-style: none; border-width: 1px; border-radius: 0px; margin: 0px; padding: 0px;""><div id=""privacy-policy-nav-content"" class=""block-collapsible-content content block-collapsible-nav"">
<ul class=""items"">
<li class=""item current""><a tabindex=""0"" href=""#privacy-policy-title-1"">Seguridad De Luma</a></li>
<li class=""item""><a tabindex=""0"" href=""#privacy-policy-title-2"">Política De Privacidad De Luma</a></li>
<li class=""item""><a tabindex=""0"" href=""#privacy-policy-title-3"">La Información Que Recopilamos</a></li>
<li class=""item""><a tabindex=""0"" href=""#privacy-policy-title-4"">Cómo Usamos La Información Que Recopilamos</a></li>
<li class=""item""><a tabindex=""0"" href=""#privacy-policy-title-5"">Seguridad</a></li>
<li class=""item""><a tabindex=""0"" href=""#privacy-policy-title-6"">Otros Con Quienes Compartimos Su Información</a></li>
<li class=""item""><a tabindex=""0"" href=""#privacy-policy-title-7"">Sus Opciones Con Respecto Al Uso De La Información Que Recopilamos</a></li>
<li class=""item""><a tabindex=""0"" href=""#privacy-policy-title-8"">Sus Derechos De Privacidad En California</a></li>
<li class=""item""><a tabindex=""0"" href=""#privacy-policy-title-9"">Cookies,Web Beacons Y Cómo Las Usamos</a></li>
<li class=""item""><a tabindex=""0"" href=""#privacy-policy-title-10"">Lista de cookies que recopilamos</a></li>
<li class=""item""><a tabindex=""0"" href=""#privacy-policy-title-11"">Registro De Cuenta En Línea</a></li>
<li class=""item""><a tabindex=""0"" href=""#privacy-policy-title-12"">Correos Electrónicos</a></li>
<li class=""item""><a tabindex=""0"" href=""#privacy-policy-title-13"">Aceptación</a></li>
<li class=""item""><a tabindex=""0"" href=""#privacy-policy-title-14"">¿Preguntas Para Luma?</a></li>
</ul>
</div></div></div><div class=""pagebuilder-column"" data-content-type=""column"" data-appearance=""full-height"" data-background-images=""{}"" data-element=""main"" style=""justify-content: flex-start; display: flex; flex-direction: column; background-position: left top; background-size: cover; background-repeat: no-repeat; background-attachment: scroll; border-style: none; border-width: 1px; border-radius: 0px; width: 75%; margin: 0px; padding: 10px 10px 10px 30px; align-self: stretch;""><div data-content-type=""text"" data-appearance=""default"" data-element=""main"" style=""border-style: none; border-width: 1px; border-radius: 0px; margin: 0px; padding: 0px;""><p>Este sitio web (""sitio web"") es operado por Luma Inc., que incluye las tiendas Luma y Luma Private Sales. Esta política de privacidad solo cubre la información recopilada en este sitio web y no cubre ninguna información recopilada fuera de línea por Luma. Todos los sitios web de Luma están cubiertos por esta política de privacidad.</p>
<h2 id=""privacy-policy-title-1"">Seguridad De Luma</h2>
<p>La información personal proporcionada en el sitio web y las transacciones con tarjeta de crédito en línea se transmiten a través de un servidor seguro. Estamos comprometidos a manejar su información personal con altos estándares de seguridad de la información. Tomamos las medidas físicas, electrónicas y administrativas apropiadas para mantener la seguridad y precisión de la información de identificación personal que recopilamos, incluida la limitación del número de personas que tienen acceso físico a nuestros servidores de base de datos, así como el empleo de sistemas de seguridad electrónicos y protecciones con contraseña que protegen contra el acceso no autorizado.</p>
<p>Nuestro sitio web utiliza tecnología de cifrado, como Secure Sockets Layer (SSL), para proteger su información personal durante el transporte de datos. SSL cifra la información de pedidos como su nombre, dirección y número de tarjeta de crédito. Nuestro centro de atención al cliente y nuestras tiendas también operan a través de una red privada y segura. Tenga en cuenta que el correo electrónico no está encriptado y no se considera un medio seguro para transmitir información de la tarjeta de crédito.</p>
<h2 id=""privacy-policy-title-2"">Política De Privacidad De Luma</h2>
<p>Para ayudarnos a lograr nuestro objetivo de proporcionar productos y servicios de la más alta calidad, utilizamos la información de nuestras interacciones con usted y otros clientes, así como de otras partes. Debido a que respetamos su privacidad, hemos implementado procedimientos para garantizar que su información personal se maneje de manera segura y responsable. Hemos publicado esta política de privacidad para explicar nuestras prácticas de recopilación de información y las opciones que tiene sobre la forma en que se recopila y utiliza la información.</p>
<p>A medida que continuamos desarrollando el sitio web de Luma y aprovechamos los avances en tecnología para mejorar los servicios que ofrecemos, es probable que esta política de privacidad cambie. Por lo tanto, le recomendamos que consulte esta política de forma continua para que comprenda nuestra política de privacidad actual.</p>
<h2 id=""privacy-policy-title-3"">La Información Que Recopilamos</h2>
<p>Generalmente, puede navegar por el sitio web de Luma sin proporcionar ninguna información de identificación personal. Sin embargo, podemos pedirle que proporcione información de identificación personal en varios momentos y lugares de este sitio web. En algunos casos, si elige no proporcionarnos la información solicitada, es posible que no pueda acceder a todas las partes de este sitio web o participar en todas sus funciones, precios y selección de productos.</p>
<p>Podemos recopilar la siguiente información:</p>
<ul>
<li>nombre</li>
<li>información de contacto, incluida la dirección de correo electrónico</li>
<li>información demográfica como código postal, preferencias e intereses</li>
<li>otra información relevante para encuestas de clientes y / u ofertas</li>
</ul>
<p>Para obtener <a tabindex=""0"" href=""#privacy-policy-title-10"">la lista exhaustiva de cookies</a> que recopilamos, consulte la sección Lista de cookies que recopilamos. De sus compras y otras interacciones con nosotros, obtenemos información sobre los productos o servicios específicos que compra o utiliza. Cuando visita este sitio web, nuestro servidor web recopila automáticamente información anónima, como datos de registro y direcciones IP, y puede recopilar información general sobre su ubicación. Podemos utilizar la información recopilada automáticamente para varios propósitos, como mejorar el diseño de nuestro sitio, la variedad de productos, el servicio al cliente y promociones especiales.</p>
<h2 id=""privacy-policy-title-4"">Cómo Usamos La Información Que Recopilamos</h2>
<p>We require this information to understand your needs and provide you with a better service, and in particular for the following reasons:</p>
<ul>
<li>Mantenimiento de registros internos.</li>
<li>Podemos utilizar la información para mejorar nuestros productos y servicios.</li>
<li>Es posible que enviemos periódicamente correos electrónicos promocionales sobre nuevos productos, ofertas especiales u otra información que creemos que puede resultarle interesante utilizando la dirección de correo electrónico que ha proporcionado.</li>
<li>De vez en cuando, también podemos utilizar su información para comunicarnos con usted con fines de investigación de mercado. Podemos comunicarnos con usted por correo electrónico, teléfono, fax o correo. Podemos utilizar la información para personalizar el sitio web de acuerdo con sus intereses.</li>
</ul>
<h2 id=""privacy-policy-title-5"">Seguridad</h2>
<p>Estamos comprometidos a garantizar que su información esté segura. Para evitar el acceso o la divulgación no autorizados, hemos implementado procedimientos físicos, electrónicos y administrativos adecuados para salvaguardar y asegurar la información que recopilamos en línea.</p>
<h2 id=""privacy-policy-title-6"">Otros Con Quienes Compartimos Su Información</h2>
<p>The Luma Group: Toda la información anterior que recopilamos, como se describe anteriormente, puede compartirse entre todas las entidades de Luma, incluidas las tiendas Luma Venia y Luma Terra, el sitio web y las ventas privadas.</p>
<p>Proveedores de servicios: también podemos divulgar información a empresas externas que nos ayuden a ofrecerle los productos y servicios que ofrecemos. Por ejemplo, podemos trabajar con una empresa externa para: (a) administrar una base de datos de información del cliente; (b) ayudarnos a distribuir correos electrónicos; (c) ayudarnos con el marketing directo y la recopilación de datos; (d) proporcionarnos almacenamiento y análisis; (d) proporcionar prevención del fraude; y (e) proporcionar otros servicios diseñados para ayudarnos a maximizar nuestro potencial comercial. Requerimos que estas compañías externas acuerden mantener la confidencialidad de toda la información que compartimos con ellos y usar la información solo para cumplir con sus obligaciones en nuestros acuerdos con ellos.</p>
<p>Otras empresas: podemos proporcionar información a empresas externas cuidadosamente seleccionadas cuando creemos que sus productos o servicios pueden ser de su interés.</p>
<p>Transiciones comerciales: podemos transferir o compartir una copia de su información personal en caso de que Luma o una de sus propiedades, afiliadas o subsidiarias atraviesen una transición comercial, como una fusión, ser adquirida por otra empresa o vender una parte de sus activos. Se le notificará por correo electrónico o un aviso destacado en nuestro sitio web antes de un cambio de propiedad o control de su información personal, si su información personal se utilizará en contra de esta política. Sin embargo, nada en esta Política de Privacidad tiene la intención de interferir con la capacidad de Luma de transferir todo o parte de su negocio y / o activos a un afiliado o tercero independiente en cualquier momento, para cualquier propósito, sin limitación alguna.</p>
<p>Luma se reserva específicamente el derecho de transferir o compartir una copia de la información de identificación personal recopilada de sus sitios web con el comprador de esa parte de su negocio relacionada con esa información.</p>
<p>Cumplimiento de la ley: podemos brindar acceso a la información cuando sea legalmente requerido para hacerlo, para cooperar con las investigaciones policiales u otros procedimientos legales, para proteger contra el uso indebido o no autorizado de nuestro sitio web, para limitar nuestra responsabilidad legal y para proteger nuestros derechos o para proteger los derechos, la propiedad o la seguridad de los visitantes de este sitio web o del público.</p>
<p>Luma se asocia con empresas de publicidad para colocar nuestra publicidad en los sitios web de los editores en Internet. Estas empresas de publicidad recopilan información anónima sobre sus visitas a nuestro sitio web. Esta tecnología implica el uso de cookies de terceros que les permiten desarrollar publicidad personalizada para que se relacione directamente con ofertas que puedan ser de su interés. Puede optar por no recibir este servicio que tenemos con nuestro socio publicitario externo. También podemos utilizar cookies de Luma para proporcionarle marketing en línea mejorado similar en función de sus intereses y preferencias. También puede optar por no recibir estos anuncios de marketing en línea mejorados.</p>
<h2 id=""privacy-policy-title-7"">Sus Opciones Con Respecto Al Uso De La Información Que Recopilamos</h2>
<p>Tiene varias opciones con respecto a nuestro manejo de su información de identificación personal no pública.</p>
<p>Mercadeo por correo directo o por teléfono: si compra en las tiendas Luma o Private Sales y desea ser eliminado de la lista de clientes que reciben llamadas de correo directo o de telemarketing, escriba a Atención al cliente de Luma en 112 West 34th Street, 18th Flr. Nueva York, NY 10120 o llame al + 1800-403-8838. Si decide escribirnos, incluya su nombre, dirección y número de cuenta de la tarjeta de crédito (si tiene uno) e indique uno de los siguientes:</p>
<ul>
<li>""NO OFERTAS POR CORREO"" (si no desea recibir ofertas por correo);<br>""NO OFERTAS TELEFÓNICAS"" (si no desea recibir ofertas por teléfono);<br>""NO OFERTAS DE TELÉFONO O CORREO"" (si no desea recibir ninguna).</li>
</ul>
<p>Debido a que las listas de clientes a menudo se preparan con mucha anticipación a una oferta (a veces unos meses antes de que se realice la oferta), es posible que continúe recibiendo algunas ofertas después de enviarnos una solicitud para que no usemos su información para fines de marketing específicos. Agradecemos su paciencia y comprensión al darnos tiempo para llevar a cabo su solicitud.</p>
<h2 id=""privacy-policy-title-8"">Sus Derechos De Privacidad En California</h2>
<p>Según las secciones 1798.83-1798.84 del Código Civil de California, los residentes de California tienen derecho a solicitarnos un aviso que describa qué categorías de información personal del cliente compartimos con terceros o afiliados corporativos para esos terceros o con fines de marketing directo de afiliados corporativos. Ese aviso identificará las categorías de información compartida e incluirá una lista de los terceros y afiliados con los que se compartió, junto con sus nombres y direcciones. Si es residente de California y desea una copia de este aviso, envíe una solicitud por escrito a la siguiente dirección: Luma Customer Care, 112 West 34th Street, 18th Floor, Nueva York, NY 10120. Por favor, espere 30 días para recibir una respuesta. .</p>
<h2 id=""privacy-policy-title-9"">Cookies,Web Beacons Y Cómo Las Usamos</h2>
<p>Una cookie es un pequeño archivo que solicita permiso para colocarse en el disco duro de su computadora. Una vez que acepta, se agrega el archivo y la cookie ayuda a analizar el tráfico web o le permite saber cuándo visita un sitio en particular. Las cookies permiten que las aplicaciones web le respondan como un individuo. La aplicación web puede adaptar sus operaciones a sus necesidades, gustos y disgustos al recopilar y recordar información sobre sus preferencias.</p>
<p>Usamos cookies de registro de tráfico para identificar qué páginas se están utilizando. Esto nos ayuda a analizar datos sobre el tráfico de la página web y mejorar nuestro sitio web para adaptarlo a las necesidades del cliente. Solo usamos esta información con fines de análisis estadístico y luego los datos se eliminan del sistema.</p>
<p>En general, las cookies nos ayudan a brindarle un mejor sitio web, al permitirnos monitorear qué páginas le resultan útiles y cuáles no. Una cookie de ninguna manera nos da acceso a su computadora ni a ninguna información sobre usted, aparte de los datos que elija compartir con nosotros. Puede optar por aceptar o rechazar las cookies. La mayoría de los navegadores web aceptan automáticamente las cookies, pero normalmente puede modificar la configuración de su navegador para rechazar las cookies si lo prefiere. Esto puede impedir que aproveche al máximo el sitio web.</p>
<p>Una ""baliza web"" o ""etiqueta de píxel"" o ""gif transparente"" es típicamente una imagen de un píxel, que se utiliza para pasar información desde su computadora o dispositivo móvil a un sitio web.</p>
<p>Usamos cookies y balizas web para realizar un seguimiento de lo que tiene en su carrito de compras y para recordarlo cuando regrese al sitio web, así como para identificar las páginas en las que hace clic durante su visita a nuestro sitio y el nombre del sitio web que visitado inmediatamente antes de hacer clic en el sitio web de Luma. Usamos esta información para mejorar el diseño de nuestro sitio, la variedad de productos, el servicio al cliente y las promociones especiales. Por supuesto, puede desactivar las cookies y las balizas web en su computadora indicándolo en los menús de preferencias u opciones de su navegador. Sin embargo, es posible que algunas partes de nuestro sitio web no funcionen correctamente si desactiva las cookies. También podemos usar balizas web y otras tecnologías para ayudar a rastrear si nuestras comunicaciones le están llegando, para medir su efectividad o para recopilar cierta información no personal sobre su computadora, dispositivo o navegador para permitirnos diseñar mejor futuras comunicaciones con usted.</p>
<p>Podemos contratar a terceros que pueden utilizar cookies y balizas web y recopilar información en nuestro nombre o proporcionar servicios como procesamiento de tarjetas de crédito, envío, servicios promocionales o administración de datos. Los llamamos nuestros socios de atención al cliente. Estos terceros tienen prohibido por nuestro contrato con ellos compartir esa información con nadie más que nosotros o nuestros otros Socios de atención al cliente.</p>
<p>Lista de cookies que recopilamos</p>
<p>La siguiente tabla enumera las cookies que recopilamos y la información que almacenan.</p>
<table class=""data-table"">
<thead>
<tr>
<th>COOKIE name</th>
<th>COOKIE Description</th>
</tr>
</thead>
<tbody>
<tr>
<th>CART</th>
<td>La asociación con su carrito de compras.</td>
</tr>
<tr>
<th>CATEGORY_INFO</th>
<td>Permite que las páginas se muestren más rápidamente.</td>
</tr>
<tr>
<th>COMPARE</th>
<td>Los elementos que tiene en la lista Comparar productos.</td>
</tr>
<tr>
<th>CUSTOMER</th>
<td>Una versión encriptada de su identificación de cliente.</td>
</tr>
<tr>
<th>CUSTOMER_AUTH</th>
<td>Un indicador de si ha iniciado sesión en la tienda.</td>
</tr>
<tr>
<th>CUSTOMER_INFO</th>
<td>Una versión encriptada del grupo de clientes al que pertenece.</td>
</tr>
<tr>
<th>CUSTOMER_SEGMENT_IDS</th>
<td>Almacena su ID de segmento de cliente</td>
</tr>
<tr>
<th>EXTERNAL_NO_CACHE</th>
<td>Una bandera que indica si el almacenamiento en caché está activado o desactivado.</td>
</tr>
<tr>
<th>FRONTEND</th>
<td>Su ID de sesión en el servidor.</td>
</tr>
<tr>
<th>GUEST-VIEW</th>
<td>Permite a los invitados editar sus pedidos.</td>
</tr>
<tr>
<th>LAST_CATEGORY</th>
<td>La última categoría que visitaste.</td>
</tr>
<tr>
<th>LAST_PRODUCT</th>
<td>El último producto que miraste.</td>
</tr>
<tr>
<th>NEWMESSAGE</th>
<td>Indica si se ha recibido un mensaje nuevo.</td>
</tr>
<tr>
<th>NO_CACHE</th>
<td>Indica si está permitido utilizar caché.</td>
</tr>
<tr>
<th>PERSISTENT_SHOPPING_CART</th>
<td>Un enlace a información sobre su carrito e historial de visualización si ha solicitado al sitio.</td>
</tr>
<tr>
<th>RECENTLYCOMPARED</th>
<td>Los elementos que comparó recientemente.</td>
</tr>
<tr>
<th>STF</th>
<td>Información sobre los productos que envió por correo electrónico a sus amigos.</td>
</tr>
<tr>
<th>STORE</th>
<td>La vista de la tienda o el idioma que ha seleccionado.</td>
</tr>
<tr>
<th>USER_ALLOWED_SAVE_COOKIE</th>
<td>Indica si un cliente autorizó las cookies.</td>
</tr>
<tr>
<th>VIEWED_PRODUCT_IDS</th>
<td>Los productos que miraste recientemente.</td>
</tr>
<tr>
<th>WISHLIST</th>
<td>Una lista encriptada de productos agregados a su lista de deseos.</td>
</tr>
<tr>
<th>WISHLIST_CNT</th>
<td>La cantidad de artículos en su lista de deseos.</td>
</tr>
</tbody>
</table>
<h2 id=""privacy-policy-title-11"">Registro De Cuenta En Línea</h2>
<p>Para que las compras en línea sean más rápidas y fáciles, puede registrarse en el sitio web de Luma. Como cliente registrado, solo tiene que ingresar sus direcciones de envío e información de facturación una vez; se almacenarán de forma segura con nosotros para su uso futuro. Con su nombre y una contraseña de su elección, puede acceder a su cuenta en línea en cualquier momento para agregar, eliminar o cambiar información. Si está utilizando una computadora pública, le recomendamos encarecidamente que cierre sesión cuando termine de comprar. Su información seguirá almacenada con nosotros, pero nadie más podrá acceder a ella desde esa computadora.</p>
<h2 id=""privacy-policy-title-12"">Correos Electrónicos</h2>
<p>Recibirá nuestros correos electrónicos promocionales solo si ha solicitado recibirlos. Si no desea recibir correos electrónicos de Luma o sus afiliados, puede hacer clic en el enlace ""Cancelar suscripción"" en la parte inferior de cualquier comunicación por correo electrónico que le enviemos. Permítanos 3 días hábiles a partir de la recepción de la solicitud para completar la eliminación, ya que es posible que algunas de nuestras promociones ya estén en proceso antes de enviar su solicitud.</p>
<h2 id=""privacy-policy-title-13"">Aceptación</h2>
<p>Al utilizar este sitio web, acepta las políticas establecidas en esta Política de privacidad.</p>
<h2 id=""privacy-policy-title-14"">¿Preguntas Para Luma?</h2>
<p><a tabindex=""0"" href=""https://luma-europe-fxo3gfa-pa2p6kzfphbvi.demo.magentosite.cloud/gbp/contact/"">Contacta con nosotros</a></p></div></div></div></div></div>"
luma_es_es,reward-points,ES - Puntos de recompensa,1column,"<div data-content-type=""row"" data-appearance=""contained"" data-element=""main""><div data-enable-parallax=""0"" data-parallax-speed=""0.5"" data-background-images=""{}"" data-background-type=""image"" data-video-loop=""true"" data-video-play-only-visible=""true"" data-video-lazy-load=""true"" data-video-fallback-src="""" data-element=""inner"" style=""justify-content: flex-start; display: flex; flex-direction: column; background-position: left top; background-size: cover; background-repeat: no-repeat; background-attachment: scroll; border-style: none; border-width: 1px; border-radius: 0px; margin: 0px 0px 10px; padding: 10px;""><h1 data-content-type=""heading"" data-appearance=""default"" data-element=""main"" style=""border-style: none; border-width: 1px; border-radius: 0px;"">Puntos De Recompensa</h1><div data-content-type=""text"" data-appearance=""default"" data-element=""main"" style=""border-style: none; border-width: 1px; border-radius: 0px; margin: 0px; padding: 0px;""><p>El programa de puntos de recompensa le permite ganar puntos por determinadas acciones que realiza en el sitio. Los puntos se otorgan en función de la realización de compras y las acciones de los clientes, como el envío de reseñas.</p>
<h2>Beneficios De Los Puntos De Recompensa Para Los Clientes Registrados</h2>
<p>Una vez que se registre, podrá ganar y acumular puntos de recompensa, que luego se pueden canjear en el momento de la compra por el costo de su pedido. Las recompensas son una ventaja adicional a su experiencia de compra en el sitio y solo una de las formas en que le agradecemos por ser un cliente leal.</p>
<h2>Ganar puntos de recompensa</h2>
<p>Actualmente, se pueden obtener recompensas por las siguientes acciones:</p>
<ul>
<li>Realización de compras: cada vez que realiza una compra, gana puntos según el precio de los productos comprados y estos puntos se agregan a su saldo de Puntos de recompensa.</li>
<li>Registrarse en el sitio.</li>
<li>Suscripción a el boletín de noticias por primera vez.</li>
<li>Envío de invitaciones: gane puntos invitando a sus amigos a unirse al sitio.</li>
<li>Conversión de invitaciones en clientes: gane puntos por cada invitación que envíe y que lleve a sus amigos a registrarse en el sitio.</li>
<li>Conversión de invitaciones en pedido: gane puntos por cada invitación que envíe y que genere una venta.</li>
<li>Envío de reseñas: gane puntos por enviar reseñas de productos.</li>
</ul>
<h2>Tasas De Cambio De Puntos De Recompensa</h2>
<p>El valor de los puntos de recompensa se determina mediante una tasa de cambio de la moneda gastada en productos a puntos y una tasa de cambio de los puntos ganados a la moneda para gastar en compras futuras.</p>
<h2>Canjear Puntos De Recompensa</h2>
<p>Puede canjear sus puntos de recompensa al finalizar la compra. Si ha acumulado suficientes puntos para canjearlos, tendrá la opción de utilizar puntos como uno de los métodos de pago. La opción de usar puntos de recompensa, así como su saldo y el equivalente monetario de este saldo, se le mostrará en el área de Método de pago de la caja. Los puntos de recompensa canjeables se pueden usar junto con otros métodos de pago como tarjetas de crédito, tarjetas de regalo y más.</p></div><figure data-content-type=""image"" data-appearance=""full-width"" data-element=""main"" style=""margin: 30px 0px; padding: 0px; border-style: none;""><img class=""pagebuilder-mobile-hidden"" src=""{{media url=wysiwyg/rewardpoints/payment.png}}"" alt="""" title="""" data-element=""desktop_image"" style=""border-style: none; border-width: 1px; border-radius: 0px; max-width: 100%; height: auto;""><img class=""pagebuilder-mobile-only"" src=""{{media url=wysiwyg/rewardpoints/payment.png}}"" alt="""" title="""" data-element=""mobile_image"" style=""border-style: none; border-width: 1px; border-radius: 0px; max-width: 100%; height: auto;""></figure><div data-content-type=""text"" data-appearance=""default"" data-element=""main"" style=""border-style: none; border-width: 1px; border-radius: 0px; margin: 0px; padding: 0px;""><h2>Puntos De Recompensa Mínimos y Máximos</h2>
<p>Los puntos de recompensa pueden tener un tope de un valor mínimo requerido para el canje. Si se selecciona esta opción, no podrá utilizar sus puntos de recompensa hasta que acumule un número mínimo de puntos, momento en el que estarán disponibles para canje.</p>
<p>Los puntos de recompensa también se pueden limitar al valor máximo de puntos que se pueden acumular. Si se selecciona esta opción, deberá canjear los puntos acumulados antes de poder ganar más puntos.</p>
<h2>Managing My Reward Points</h2>
<p>Tiene la capacidad de ver y administrar sus puntos a través de su <a tabindex=""0"" href=""{{store url=&quot;customer/account&quot;}}"">cuenta de cliente</a>. Desde su cuenta podrá ver el total de puntos (y el equivalente en moneda), el mínimo necesario para canjear, si ha alcanzado el límite máximo de puntos y un historial acumulativo de puntos adquiridos, canjeados y perdidos. El registro histórico retendrá y mostrará las tasas históricas y la moneda con fines informativos. El historial también le mostrará mensajes informativos completos con respecto a los puntos, incluidas las notificaciones de vencimiento.</p></div><figure data-content-type=""image"" data-appearance=""full-width"" data-element=""main"" style=""margin: 30px 0px; padding: 0px; border-style: none;""><img class=""pagebuilder-mobile-hidden"" src=""{{media url=wysiwyg/my_account.png}}"" alt="""" title="""" data-element=""desktop_image"" style=""border-style: none; border-width: 1px; border-radius: 0px; max-width: 100%; height: auto;""><img class=""pagebuilder-mobile-only"" src=""{{media url=wysiwyg/my_account.png}}"" alt="""" title="""" data-element=""mobile_image"" style=""border-style: none; border-width: 1px; border-radius: 0px; max-width: 100%; height: auto;""></figure><div data-content-type=""text"" data-appearance=""default"" data-element=""main"" style=""border-style: none; border-width: 1px; border-radius: 0px; margin: 0px; padding: 0px;""><h2>Caducidad De Los Puntos De Recompensa</h2>
<p>Los puntos de recompensa se pueden configurar para que caduquen. Los puntos vencerán en el formulario de pedido en el que se obtuvieron por primera vez.</p>
<p>Nota: Puede registrarse para recibir notificaciones por correo electrónico cada vez que cambie su saldo cuando gane, canjee o pierda puntos, así como notificaciones de vencimiento de puntos. Esta opción se encuentra en la sección Puntos de recompensa del área <a tabindex=""0"" href=""{{store url=&quot;reward/customer/info&quot;}}"">Mi cuenta</a>.</p></div></div></div>"
luma_es_es,about-us,ES - Sobre Nosotros,cms-full-width,"<div data-content-type=""row"" data-appearance=""contained"" data-element=""main""><div data-enable-parallax=""0"" data-parallax-speed=""0.5"" data-background-images=""{}"" data-background-type=""image"" data-video-loop=""true"" data-video-play-only-visible=""true"" data-video-lazy-load=""true"" data-video-fallback-src="""" data-element=""inner"" style=""justify-content: flex-start; display: flex; flex-direction: column; background-position: left top; background-size: cover; background-repeat: no-repeat; background-attachment: scroll; border-style: none; border-width: 1px; border-radius: 0px; margin: 0px 0px 10px; padding: 10px;""><div class=""pagebuilder-column-group"" style=""display: flex;"" data-content-type=""column-group"" data-grid-size=""12"" data-element=""main""><div class=""pagebuilder-column"" data-content-type=""column"" data-appearance=""align-center"" data-background-images=""{}"" data-element=""main"" style=""justify-content: flex-start; display: flex; flex-direction: column; background-position: left top; background-size: cover; background-repeat: no-repeat; background-attachment: scroll; text-align: center; border-style: none; border-width: 1px; border-radius: 0px; width: 33.3333%; margin: 0px; padding: 10px; align-self: center;""><h1 data-content-type=""heading"" data-appearance=""default"" data-element=""main"" style=""border-style: none; border-width: 1px; border-radius: 0px;"">Sobre Nosotros</h1><h2 data-content-type=""heading"" data-appearance=""default"" data-element=""main"" style=""border-style: none; border-width: 1px; border-radius: 0px;"">Bienestar para todos</h2></div><div class=""pagebuilder-column"" data-content-type=""column"" data-appearance=""full-height"" data-background-images=""{}"" data-element=""main"" style=""justify-content: flex-start; display: flex; flex-direction: column; background-position: left top; background-size: cover; background-repeat: no-repeat; background-attachment: scroll; border-style: none; border-width: 1px; border-radius: 0px; width: 66.6667%; margin: 0px; padding: 10px; align-self: stretch;""><figure data-content-type=""image"" data-appearance=""full-width"" data-element=""main"" style=""margin: 0px; padding: 0px; border-style: none;""><img class=""pagebuilder-mobile-hidden"" src=""{{media url=wysiwyg/AdobeStock_251503988_result.jpg}}"" alt="""" title="""" data-element=""desktop_image"" style=""border-style: none; border-width: 1px; border-radius: 0px; max-width: 100%; height: auto;""><img class=""pagebuilder-mobile-only"" src=""{{media url=wysiwyg/AdobeStock_251503988_result.jpg}}"" alt="""" title="""" data-element=""mobile_image"" style=""border-style: none; border-width: 1px; border-radius: 0px; max-width: 100%; height: auto;""></figure></div></div></div></div><div data-content-type=""row"" data-appearance=""full-width"" data-enable-parallax=""0"" data-parallax-speed=""0.5"" data-background-images=""{}"" data-background-type=""image"" data-video-loop=""true"" data-video-play-only-visible=""true"" data-video-lazy-load=""true"" data-video-fallback-src="""" data-element=""main"" style=""justify-content: flex-start; display: flex; flex-direction: column; background-color: rgb(249, 249, 249); background-position: left top; background-size: cover; background-repeat: no-repeat; background-attachment: scroll; border-style: none; border-width: 1px; border-radius: 0px; margin: 0px 0px 40px; padding: 30px 10px;""><div class=""row-full-width-inner"" data-element=""inner""><div class=""pagebuilder-column-group"" style=""display: flex;"" data-content-type=""column-group"" data-grid-size=""12"" data-element=""main""><div class=""pagebuilder-column"" data-content-type=""column"" data-appearance=""full-height"" data-background-images=""{}"" data-element=""main"" style=""justify-content: flex-start; display: flex; flex-direction: column; background-position: left top; background-size: cover; background-repeat: no-repeat; background-attachment: scroll; border-style: none; border-width: 1px; border-radius: 0px; width: 25%; margin: 0px; padding: 0px; align-self: stretch;""></div><div class=""pagebuilder-column"" data-content-type=""column"" data-appearance=""full-height"" data-background-images=""{}"" data-element=""main"" style=""justify-content: center; display: flex; flex-direction: column; background-position: left top; background-size: cover; background-repeat: no-repeat; background-attachment: scroll; border-style: none; border-width: 1px; border-radius: 0px; width: 50%; margin: 0px; padding: 10px; align-self: stretch;""><div data-content-type=""text"" data-appearance=""default"" data-element=""main"" style=""border-style: none; border-width: 1px; border-radius: 0px; margin: 0px; padding: 0px;""><h3 style=""text-align: center;"">Nos apasiona estilo de vida activo - y va mucho más allá de la ropa.</h3></div><div data-content-type=""buttons"" data-appearance=""inline"" data-same-width=""true"" data-element=""main"" style=""text-align: center; border-style: none; border-width: 1px; border-radius: 0px; margin: 20px 0px; padding: 10px 10px 0px;""><div data-content-type=""button-item"" data-appearance=""default"" data-element=""main"" style=""display: inline-block;""><div class=""pagebuilder-button-secondary"" data-element=""empty_link"" style=""text-align: center;""><span data-element=""link_text"">Colecciones nuevas</span></div></div><div data-content-type=""button-item"" data-appearance=""default"" data-element=""main"" style=""display: inline-block;""><div class=""pagebuilder-button-secondary"" data-element=""empty_link"" style=""text-align: center;""><span data-element=""link_text"">Buscador De Tiendas</span></div></div></div><div data-content-type=""text"" data-appearance=""default"" data-element=""main"" style=""border-style: none; border-width: 1px; border-radius: 0px; margin: 0px; padding: 0px;""><h4 style=""text-align: center;"">Con más de 200 tiendas en el Reino Unido, Europa e internacionalmente, Luma es un fabricante y minorista de ropa deportiva reconocido internacionalmente.</h4></div></div><div class=""pagebuilder-column"" data-content-type=""column"" data-appearance=""full-height"" data-background-images=""{}"" data-element=""main"" style=""justify-content: flex-start; display: flex; flex-direction: column; background-position: left top; background-size: cover; background-repeat: no-repeat; background-attachment: scroll; border-style: none; border-width: 1px; border-radius: 0px; width: 25%; margin: 0px; padding: 0px; align-self: stretch;""></div></div></div></div><div data-content-type=""row"" data-appearance=""contained"" data-element=""main""><div data-enable-parallax=""0"" data-parallax-speed=""0.5"" data-background-images=""{}"" data-background-type=""image"" data-video-loop=""true"" data-video-play-only-visible=""true"" data-video-lazy-load=""true"" data-video-fallback-src="""" data-element=""inner"" style=""justify-content: flex-start; display: flex; flex-direction: column; background-position: left top; background-size: cover; background-repeat: no-repeat; background-attachment: scroll; border-style: none; border-width: 1px; border-radius: 0px; margin: 200px 0px 150px; padding: 10px;""><div class=""pagebuilder-column-group"" style=""display: flex;"" data-content-type=""column-group"" data-grid-size=""12"" data-element=""main""><div class=""pagebuilder-column"" data-content-type=""column"" data-appearance=""full-height"" data-background-images=""{\&quot;desktop_image\&quot;:\&quot;{{media url=wysiwyg/AdobeStock_193167636_result.jpg}}\&quot;}"" data-element=""main"" style=""justify-content: flex-start; display: flex; flex-direction: column; background-position: center center; background-size: cover; background-repeat: no-repeat; background-attachment: scroll; border-style: none; border-width: 1px; border-radius: 0px; min-height: 500px; width: 58.3333%; margin: -150px 0px; padding: 10px; align-self: stretch;""></div><div class=""pagebuilder-column"" data-content-type=""column"" data-appearance=""full-height"" data-background-images=""{}"" data-element=""main"" style=""justify-content: center; display: flex; flex-direction: column; background-color: rgb(255, 255, 255); background-position: left top; background-size: cover; background-repeat: no-repeat; background-attachment: scroll; border-style: solid; border-color: rgb(240, 240, 240); border-width: 2px; border-radius: 0px; width: calc(41.6667% - 0px); margin: 0px 100px 0px -100px; padding: 40px; align-self: stretch;""><div data-content-type=""text"" data-appearance=""default"" data-element=""main"" style=""border-style: none; border-width: 1px; border-radius: 0px; margin: 0px; padding: 0px;""><p>En Luma, el bienestar es una forma de vida. No creemos que la edad, el género o las acciones pasadas te definan, solo tu ambición y deseo de plenitud ... hoy.</p>
<p>Nos diferenciamos a través de una combinación de diseños y estilos únicos fusionados con estándares inigualables de calidad y autenticidad. Nuestros fundadores tienen raíces profundas en las comunidades de yoga y salud y nuestras selecciones sirven tanto a los practicantes aficionados como a los atletas profesionales.</p></div></div></div></div></div>"
luma_es_es,customer-service,ES - Servicio al Cliente,1column,"<div data-content-type=""row"" data-appearance=""contained"" data-element=""main""><div data-enable-parallax=""0"" data-parallax-speed=""0.5"" data-background-images=""{}"" data-background-type=""image"" data-video-loop=""true"" data-video-play-only-visible=""true"" data-video-lazy-load=""true"" data-video-fallback-src="""" data-element=""inner"" style=""justify-content: flex-start; display: flex; flex-direction: column; background-position: left top; background-size: cover; background-repeat: no-repeat; background-attachment: scroll; border-style: none; border-width: 1px; border-radius: 0px; margin: 0px 0px 10px; padding: 10px;""><h1 data-content-type=""heading"" data-appearance=""default"" data-element=""main"" style=""border-style: none; border-width: 1px; border-radius: 0px;"">Servicio al Cliente</h1></div></div><div data-content-type=""row"" data-appearance=""contained"" data-element=""main""><div data-enable-parallax=""0"" data-parallax-speed=""0.5"" data-background-images=""{}"" data-background-type=""image"" data-video-loop=""true"" data-video-play-only-visible=""true"" data-video-lazy-load=""true"" data-video-fallback-src="""" data-element=""inner"" style=""justify-content: flex-start; display: flex; flex-direction: column; background-position: left top; background-size: cover; background-repeat: no-repeat; background-attachment: scroll; border-style: none; border-width: 1px; border-radius: 0px; margin: 0px 0px 10px; padding: 10px;""><div class=""pagebuilder-column-group"" style=""display: flex;"" data-content-type=""column-group"" data-grid-size=""12"" data-element=""main""><div class=""pagebuilder-column"" data-content-type=""column"" data-appearance=""full-height"" data-background-images=""{}"" data-element=""main"" style=""justify-content: flex-start; display: flex; flex-direction: column; background-color: rgb(240, 240, 240); background-position: left top; background-size: cover; background-repeat: no-repeat; background-attachment: scroll; border-style: none; border-width: 1px; border-radius: 0px; width: 100%; margin: 0px; padding: 10px; align-self: stretch;""><div data-content-type=""text"" data-appearance=""default"" data-element=""main"" style=""border-style: none; border-width: 1px; border-radius: 0px; margin: 0px; padding: 0px;""><h2>Entrega Y Devoluciones De Luma</h2>
<p>Esperamos que le guste comprar con Luma. Estas son nuestras políticas de entrega y devoluciones para ayudar a asegurarnos de que cumplimos con sus expectativas. <a tabindex=""0"" href=""/gbp/contact/"">Contacta Con Nosotros.</a></p></div></div></div></div></div><div data-content-type=""row"" data-appearance=""contained"" data-element=""main""><div data-enable-parallax=""0"" data-parallax-speed=""0.5"" data-background-images=""{}"" data-background-type=""image"" data-video-loop=""true"" data-video-play-only-visible=""true"" data-video-lazy-load=""true"" data-video-fallback-src="""" data-element=""inner"" style=""justify-content: flex-start; display: flex; flex-direction: column; background-position: left top; background-size: cover; background-repeat: no-repeat; background-attachment: scroll; border-style: none; border-width: 1px; border-radius: 0px; margin: 0px 0px 10px; padding: 10px;""><div data-content-type=""text"" data-appearance=""default"" data-element=""main"" style=""border-style: none; border-width: 1px; border-radius: 0px; margin: 0px; padding: 0px;""><h2>Envío Y Entrega</h2>
<p>El envío y la entrega es el cargo por procesamiento de pedidos por Internet, selección de artículos, empaque, transporte y manejo. No garantizamos los tiempos de entrega, pero hacemos todo lo posible para proporcionar estimaciones precisas.</p>
<p>Las entregas se realizan solo entre semana. Los gastos de envío y entrega están sujetos a cambios y se determinan cuando realiza el pedido. El tiempo de entrega estimado asume que los pedidos se realizan antes de las 12:00 del mediodía (PST). Los pedidos que realice con Luma a última hora del viernes o el sábado no se procesarán hasta el lunes. Es posible que se agreguen cargos a los pedidos con envío prioritario, al día siguiente e internacional si intentamos entregar su pedido sin éxito más de una vez.</p>
<p>Las direcciones de entrega en Alaska, Hawái, Puerto Rico y Guam deben agregar un cargo adicional de $ 5.00 por envío y entrega estándar. Los pedidos llegan entre 7 y 9 días hábiles cuando se solicitan antes de las 12:00 del mediodía (PST).</p>
<div class=""table-wrapper"">
<table><caption>Envío y entrega</caption>
<thead>
<tr>
<th><strong>Mercancías total *</strong></th>
<th><strong>STANDARD</strong><br>5—7 day shipping **</th>
<th>PRIORIDAD<br>2—3 day shipping **</th>
<th><strong>OVERNIGHT</strong><br>Next business day **</th>
</tr>
</thead>
<tbody>
<tr>
<th>Hasta $200</th>
<td>$16</td>
<td>$26</td>
<td>$33</td>
</tr>
<tr>
<th>$200.01—500.00</th>
<td>$21</td>
<td>$31</td>
<td>$38</td>
</tr>
<tr>
<th>$500.01—1000.00</th>
<td>$29</td>
<td>$39</td>
<td>$46</td>
</tr>
<tr>
<th>Mas que $1000.00</th>
<td>$34</td>
<td>$44</td>
<td>$51</td>
</tr>
</tbody>
</table>
</div>
<p><small>*antes de impuestos y cargos adicionales</small><br><small>**después del procesamiento si se solicita antes de las 12:00 del mediodía PST</small></p></div><div data-content-type=""text"" data-appearance=""default"" data-element=""main"" style=""border-style: none; border-width: 1px; border-radius: 0px; margin: 0px; padding: 0px;""><h2 style=""margin-top: 40px;"">Devoluciones Y Reemplazos</h2>
<p>Queremos que esté completamente satisfecho con su pedido de Luma. Si por alguna razón no está satisfecho, con gusto aceptaremos su devolución oportuna de la mercancía sin usar, sin lavar o defectuosa. Los productos usados no tienen devolución a menos que sean defectuosos. La mercancía devuelta debe incluir el embalaje y las etiquetas del proveedor y estar en las mismas condiciones que cuando se recibió. Es posible que se aplique una tarifa de recogida y / o reabastecimiento. La mercancía debe devolverse dentro de los 30 días posteriores a la recepción de la mercancía.</p>
<h3>Devolución De Regalos</h3>
<p>Al devolver un regalo, se emitirá una tarjeta de regalo de Luma al destinatario del regalo por el monto de la mercancía devuelta. La tarjeta se puede usar para compras en cualquier tienda Luma y en línea. De conformidad con la ley federal, para los obsequios valorados en más de $ 2,000.00, el destinatario recibirá un cheque en lugar de una tarjeta de regalo de Luma.</p>
<h3>Devolución De Mercancía Por Correo</h3>
<p>En el reverso del albarán adjunto con su pedido de Luma, tenga en cuenta los motivos de la devolución y si desea cambiar los artículos o recibir un crédito / reembolso (según la forma de pago original).</p>
<p>Adjunte la sección de devolución de la lista de empaque con su (s) artículo (s). Utilice una de las etiquetas de devolución que se proporcionan en el frente de su albarán para asegurarse de que la dirección de devolución y la información crediticia sean correctas. Los artículos restringidos deben devolverse mediante transporte terrestre.</p>
<p>Espere de 10 a 14 días para que Luma procese su devolución.</p></div></div></div>"